material,horizon,candidate,order,seasonal_order,mean_smape,sum_smape,number_of_folds
1,10,arima_112,"(1, 1, 2)","(0, 0, 0, 0)",0.10521148696882493,2.8407101481582733,27
1,10,sarima_112_100_5,"(1, 1, 2)","(1, 0, 0, 5)",0.10202196839480403,2.7545931466597087,27
2,10,arima_111,"(1, 1, 1)","(0, 0, 0, 0)",0.1361064845120819,3.6748750818262113,27
3,10,arima_111,"(1, 1, 1)","(0, 0, 0, 0)",0.1557666274815043,4.205698942000616,27
3,10,sarima_111_002_5,"(1, 1, 1)","(0, 0, 2, 5)",0.15529330892651383,4.192919341015873,27
4,10,arima_011,"(0, 1, 1)","(0, 0, 0, 0)",0.15993545953300364,4.318257407391099,27
4,10,arima_012,"(0, 1, 2)","(0, 0, 0, 0)",0.16198423221149152,4.3735742697102715,27
5,10,arima_102,"(1, 0, 2)","(0, 0, 0, 0)",0.10261218243624201,2.7705289257785344,27
5,10,arima_202,"(2, 0, 2)","(0, 0, 0, 0)",0.10228087314707242,2.761583574970955,27
5,10,arima_400,"(4, 0, 0)","(0, 0, 0, 0)",0.1016655219908528,2.7449690937530256,27
5,10,sarima_002_100_5,"(0, 0, 2)","(1, 0, 0, 5)",0.1253999214334,3.3857978787018004,27
5,10,sarima_100_100_5,"(1, 0, 0)","(1, 0, 0, 5)",0.17351136103266682,4.684806747882004,27
6,10,arima_011,"(0, 1, 1)","(0, 0, 0, 0)",0.12748419398297053,3.4420732375402046,27
6,10,arima_211,"(2, 1, 1)","(0, 0, 0, 0)",0.12703397368823138,3.4299172895822476,27
6,10,sarima_011_200_5,"(0, 1, 1)","(2, 0, 0, 5)",0.12713720137898424,3.432704437232575,27
7,10,arima_011,"(0, 1, 1)","(0, 0, 0, 0)",0.24814180026539318,6.699828607165616,27
7,10,arima_012,"(0, 1, 2)","(0, 0, 0, 0)",0.24803441374035734,6.696929170989648,27
7,10,arima_112,"(1, 1, 2)","(0, 0, 0, 0)",0.24812557908265867,6.699390635231784,27
7,10,sarima_011_100_5,"(0, 1, 1)","(1, 0, 0, 5)",0.24812304424412823,6.6993221945914625,27
8,10,arima_011,"(0, 1, 1)","(0, 0, 0, 0)",0.1788917702269508,4.8300777961276715,27
8,10,arima_111,"(1, 1, 1)","(0, 0, 0, 0)",0.17892216117521262,4.830898351730741,27
8,10,arima_113,"(1, 1, 3)","(0, 0, 0, 0)",0.17960774078374817,4.8494090011612005,27
8,10,sarima_011_001_5,"(0, 1, 1)","(0, 0, 1, 5)",0.17926772876915958,4.840228676767309,27
9,10,arima_011,"(0, 1, 1)","(0, 0, 0, 0)",0.1804563763589723,4.872322161692252,27
9,10,arima_013,"(0, 1, 3)","(0, 0, 0, 0)",0.18006531745201038,4.86176357120428,27
9,10,arima_211,"(2, 1, 1)","(0, 0, 0, 0)",0.17985228935581818,4.856011812607091,27
9,10,arima_311,"(3, 1, 1)","(0, 0, 0, 0)",0.1799565438426663,4.85882668375199,27
10,10,arima_012,"(0, 1, 2)","(0, 0, 0, 0)",0.11002942704314468,2.9707945301649064,27
10,10,sarima_012_002_5,"(0, 1, 2)","(0, 0, 2, 5)",0.11016819274413309,2.9745412040915933,27
11,10,arima_111,"(1, 1, 1)","(0, 0, 0, 0)",0.41400676288053945,11.178182597774565,27
11,10,sarima_111_001_5,"(1, 1, 1)","(0, 0, 1, 5)",0.4129154965754517,11.148718407537196,27
11,10,sarima_112_001_5,"(1, 1, 2)","(0, 0, 1, 5)",0.40762160993020236,11.005783468115464,27
11,10,sarima_112_100_5,"(1, 1, 2)","(1, 0, 0, 5)",0.4299203548162892,11.607849580039808,27
12,10,arima_201,"(2, 0, 1)","(0, 0, 0, 0)",1.1844397929467065,31.979874409561074,27
12,10,arima_400,"(4, 0, 0)","(0, 0, 0, 0)",1.0953151978342746,29.573510341525413,27
12,10,arima_500,"(5, 0, 0)","(0, 0, 0, 0)",1.078337675912127,29.115117249627428,27
13,10,arima_013,"(0, 1, 3)","(0, 0, 0, 0)",1.835794538950866,49.566452551673386,27
13,10,arima_411,"(4, 1, 1)","(0, 0, 0, 0)",1.831899542843541,49.4612876567756,27
13,10,sarima_113_002_5,"(1, 1, 3)","(0, 0, 2, 5)",1.8399793470749715,49.67944237102423,27
13,10,sarima_312_101_5,"(3, 1, 2)","(1, 0, 1, 5)",1.8350410591926913,49.546108598202665,27
13,10,sarima_412_101_5,"(4, 1, 2)","(1, 0, 1, 5)",1.830048542237124,49.41131064040235,27
1,22,arima_112,"(1, 1, 2)","(0, 0, 0, 0)",0.11212367365544544,1.3454840838653452,12
1,22,sarima_112_100_5,"(1, 1, 2)","(1, 0, 0, 5)",0.11270671874625149,1.3524806249550179,12
2,22,arima_111,"(1, 1, 1)","(0, 0, 0, 0)",0.15138455843837456,1.8166147012604947,12
3,22,arima_111,"(1, 1, 1)","(0, 0, 0, 0)",0.15036971182296696,1.8044365418756037,12
3,22,sarima_111_002_5,"(1, 1, 1)","(0, 0, 2, 5)",0.1505425952187681,1.806511142625217,12
4,22,arima_011,"(0, 1, 1)","(0, 0, 0, 0)",0.15612137528269088,1.8734565033922905,12
4,22,arima_012,"(0, 1, 2)","(0, 0, 0, 0)",0.15827457145700244,1.8992948574840294,12
5,22,arima_102,"(1, 0, 2)","(0, 0, 0, 0)",0.11005507642166203,1.3206609170599444,12
5,22,arima_202,"(2, 0, 2)","(0, 0, 0, 0)",0.10987774243266575,1.318532909191989,12
5,22,arima_400,"(4, 0, 0)","(0, 0, 0, 0)",0.12662012218875357,1.5194414662650428,12
5,22,sarima_002_100_5,"(0, 0, 2)","(1, 0, 0, 5)",0.16209923722941114,1.9451908467529337,12
5,22,sarima_100_100_5,"(1, 0, 0)","(1, 0, 0, 5)",0.28420203940828037,3.4104244728993645,12
6,22,arima_011,"(0, 1, 1)","(0, 0, 0, 0)",0.13264391141095774,1.5917269369314928,12
6,22,arima_211,"(2, 1, 1)","(0, 0, 0, 0)",0.13356487069835168,1.60277844838022,12
6,22,sarima_011_200_5,"(0, 1, 1)","(2, 0, 0, 5)",0.1325718449012022,1.5908621388144262,12
7,22,arima_011,"(0, 1, 1)","(0, 0, 0, 0)",0.24688156110213597,2.9625787332256315,12
7,22,arima_012,"(0, 1, 2)","(0, 0, 0, 0)",0.2470678589457899,2.964814307349479,12
7,22,arima_112,"(1, 1, 2)","(0, 0, 0, 0)",0.24700366220651268,2.964043946478152,12
7,22,sarima_011_100_5,"(0, 1, 1)","(1, 0, 0, 5)",0.24669976202978472,2.9603971443574166,12
8,22,arima_011,"(0, 1, 1)","(0, 0, 0, 0)",0.20673829575525648,2.480859549063078,12
8,22,arima_111,"(1, 1, 1)","(0, 0, 0, 0)",0.20499998014250184,2.459999761710022,12
8,22,arima_113,"(1, 1, 3)","(0, 0, 0, 0)",0.20449846377391287,2.4539815652869543,12
8,22,sarima_011_001_5,"(0, 1, 1)","(0, 0, 1, 5)",0.20582103163633458,2.469852379636015,12
9,22,arima_011,"(0, 1, 1)","(0, 0, 0, 0)",0.1995897664498648,2.3950771973983778,12
9,22,arima_013,"(0, 1, 3)","(0, 0, 0, 0)",0.20194008716666878,2.4232810460000254,12
9,22,arima_211,"(2, 1, 1)","(0, 0, 0, 0)",0.20180281367017527,2.4216337640421033,12
9,22,arima_311,"(3, 1, 1)","(0, 0, 0, 0)",0.20233806788126693,2.428056814575203,12
10,22,arima_012,"(0, 1, 2)","(0, 0, 0, 0)",0.1219848497445063,1.4638181969340756,12
10,22,sarima_012_002_5,"(0, 1, 2)","(0, 0, 2, 5)",0.12209426273499058,1.465131152819887,12
11,22,arima_111,"(1, 1, 1)","(0, 0, 0, 0)",0.4980168275029117,5.97620193003494,12
11,22,sarima_111_001_5,"(1, 1, 1)","(0, 0, 1, 5)",0.4921503429785603,5.905804115742724,12
11,22,sarima_112_001_5,"(1, 1, 2)","(0, 0, 1, 5)",0.5068711443292897,6.082453731951476,12
11,22,sarima_112_100_5,"(1, 1, 2)","(1, 0, 0, 5)",0.4419396006862182,5.303275208234618,12
12,22,arima_201,"(2, 0, 1)","(0, 0, 0, 0)",1.2108263185232941,14.52991582227953,12
12,22,arima_400,"(4, 0, 0)","(0, 0, 0, 0)",1.276434841044004,15.317218092528048,12
12,22,arima_500,"(5, 0, 0)","(0, 0, 0, 0)",1.296698658319656,15.560383899835873,12
13,22,arima_013,"(0, 1, 3)","(0, 0, 0, 0)",1.8371128956032188,22.045354747238626,12
13,22,arima_411,"(4, 1, 1)","(0, 0, 0, 0)",1.8307579847055118,21.96909581646614,12
13,22,sarima_113_002_5,"(1, 1, 3)","(0, 0, 2, 5)",1.8312958445882925,21.97555013505951,12
13,22,sarima_312_101_5,"(3, 1, 2)","(1, 0, 1, 5)",1.8315826375107482,21.97899165012898,12
13,22,sarima_412_101_5,"(4, 1, 2)","(1, 0, 1, 5)",1.8283334829996676,21.94000179599601,12
1,66,arima_112,"(1, 1, 2)","(0, 0, 0, 0)",0.13350772024666463,0.5340308809866585,4
1,66,sarima_112_100_5,"(1, 1, 2)","(1, 0, 0, 5)",0.11840535962003326,0.47362143848013305,4
2,66,arima_111,"(1, 1, 1)","(0, 0, 0, 0)",0.21126487747529032,0.8450595099011613,4
3,66,arima_111,"(1, 1, 1)","(0, 0, 0, 0)",0.16340872311354604,0.6536348924541842,4
3,66,sarima_111_002_5,"(1, 1, 1)","(0, 0, 2, 5)",0.16396346189337424,0.655853847573497,4
4,66,arima_011,"(0, 1, 1)","(0, 0, 0, 0)",0.16683648560526174,0.667345942421047,4
4,66,arima_012,"(0, 1, 2)","(0, 0, 0, 0)",0.16723508004649887,0.6689403201859955,4
5,66,arima_102,"(1, 0, 2)","(0, 0, 0, 0)",0.11691107319935616,0.46764429279742464,4
5,66,arima_202,"(2, 0, 2)","(0, 0, 0, 0)",0.11734161127668419,0.46936644510673675,4
5,66,arima_400,"(4, 0, 0)","(0, 0, 0, 0)",0.177519631431857,0.710078525727428,4
5,66,sarima_002_100_5,"(0, 0, 2)","(1, 0, 0, 5)",0.28828541955565523,1.153141678222621,4
5,66,sarima_100_100_5,"(1, 0, 0)","(1, 0, 0, 5)",0.7458750103289497,2.9835000413157986,4
6,66,arima_011,"(0, 1, 1)","(0, 0, 0, 0)",0.13430140894305267,0.5372056357722107,4
6,66,arima_211,"(2, 1, 1)","(0, 0, 0, 0)",0.13565142906072963,0.5426057162429185,4
6,66,sarima_011_200_5,"(0, 1, 1)","(2, 0, 0, 5)",0.13443626812565418,0.5377450725026167,4
7,66,arima_011,"(0, 1, 1)","(0, 0, 0, 0)",0.2869042683067956,1.1476170732271824,4
7,66,arima_012,"(0, 1, 2)","(0, 0, 0, 0)",0.28760737239271433,1.1504294895708573,4
7,66,arima_112,"(1, 1, 2)","(0, 0, 0, 0)",0.28746850292694875,1.149874011707795,4
7,66,sarima_011_100_5,"(0, 1, 1)","(1, 0, 0, 5)",0.283922662279215,1.13569064911686,4
8,66,arima_011,"(0, 1, 1)","(0, 0, 0, 0)",0.23954702074094342,0.9581880829637737,4
8,66,arima_111,"(1, 1, 1)","(0, 0, 0, 0)",0.23464432198390267,0.9385772879356107,4
8,66,arima_113,"(1, 1, 3)","(0, 0, 0, 0)",0.23370610653744334,0.9348244261497733,4
8,66,sarima_011_001_5,"(0, 1, 1)","(0, 0, 1, 5)",0.23817105766625424,0.952684230665017,4
9,66,arima_011,"(0, 1, 1)","(0, 0, 0, 0)",0.2957994609664306,1.1831978438657225,4
9,66,arima_013,"(0, 1, 3)","(0, 0, 0, 0)",0.29597126746621355,1.1838850698648542,4
9,66,arima_211,"(2, 1, 1)","(0, 0, 0, 0)",0.29628027321367123,1.185121092854685,4
9,66,arima_311,"(3, 1, 1)","(0, 0, 0, 0)",0.2943467550012117,1.1773870200048469,4
10,66,arima_012,"(0, 1, 2)","(0, 0, 0, 0)",0.13890301493338186,0.5556120597335275,4
10,66,sarima_012_002_5,"(0, 1, 2)","(0, 0, 2, 5)",0.137502509731224,0.550010038924896,4
11,66,arima_111,"(1, 1, 1)","(0, 0, 0, 0)",0.4818398057447094,1.9273592229788377,4
11,66,sarima_111_001_5,"(1, 1, 1)","(0, 0, 1, 5)",0.48272645247145285,1.9309058098858114,4
11,66,sarima_112_001_5,"(1, 1, 2)","(0, 0, 1, 5)",0.4779835687027334,1.9119342748109336,4
11,66,sarima_112_100_5,"(1, 1, 2)","(1, 0, 0, 5)",0.4738040052501642,1.8952160210006568,4
12,66,arima_201,"(2, 0, 1)","(0, 0, 0, 0)",1.213837438608752,4.855349754435008,4
12,66,arima_400,"(4, 0, 0)","(0, 0, 0, 0)",1.1562194463586306,4.624877785434522,4
12,66,arima_500,"(5, 0, 0)","(0, 0, 0, 0)",1.179459880329859,4.717839521319436,4
13,66,arima_013,"(0, 1, 3)","(0, 0, 0, 0)",1.8464071068313896,7.385628427325559,4
13,66,arima_411,"(4, 1, 1)","(0, 0, 0, 0)",1.8449023581651272,7.379609432660509,4
13,66,sarima_113_002_5,"(1, 1, 3)","(0, 0, 2, 5)",1.845651860690773,7.382607442763092,4
13,66,sarima_312_101_5,"(3, 1, 2)","(1, 0, 1, 5)",1.8446865811578712,7.378746324631485,4
13,66,sarima_412_101_5,"(4, 1, 2)","(1, 0, 1, 5)",1.844903759734721,7.379615038938884,4
1,132,arima_112,"(1, 1, 2)","(0, 0, 0, 0)",0.15547893407594704,0.3109578681518941,2
1,132,sarima_112_100_5,"(1, 1, 2)","(1, 0, 0, 5)",0.16281477094488106,0.3256295418897621,2
2,132,arima_111,"(1, 1, 1)","(0, 0, 0, 0)",0.19188415806862227,0.38376831613724455,2
3,132,arima_111,"(1, 1, 1)","(0, 0, 0, 0)",0.15601655488874028,0.31203310977748056,2
3,132,sarima_111_002_5,"(1, 1, 1)","(0, 0, 2, 5)",0.15624916375857784,0.31249832751715567,2
4,132,arima_011,"(0, 1, 1)","(0, 0, 0, 0)",0.17658098371787387,0.35316196743574774,2
4,132,arima_012,"(0, 1, 2)","(0, 0, 0, 0)",0.17296132361809313,0.34592264723618626,2
5,132,arima_102,"(1, 0, 2)","(0, 0, 0, 0)",0.13982612161879876,0.2796522432375975,2
5,132,arima_202,"(2, 0, 2)","(0, 0, 0, 0)",0.14043434281187836,0.2808686856237567,2
5,132,arima_400,"(4, 0, 0)","(0, 0, 0, 0)",0.26308645895209426,0.5261729179041885,2
5,132,sarima_002_100_5,"(0, 0, 2)","(1, 0, 0, 5)",0.4795334491257026,0.9590668982514052,2
5,132,sarima_100_100_5,"(1, 0, 0)","(1, 0, 0, 5)",1.2111232010534616,2.422246402106923,2
6,132,arima_011,"(0, 1, 1)","(0, 0, 0, 0)",0.16240691905087826,0.3248138381017565,2
6,132,arima_211,"(2, 1, 1)","(0, 0, 0, 0)",0.16564264134571388,0.33128528269142776,2
6,132,sarima_011_200_5,"(0, 1, 1)","(2, 0, 0, 5)",0.1622658222013576,0.3245316444027152,2
7,132,arima_011,"(0, 1, 1)","(0, 0, 0, 0)",0.3557846574443085,0.711569314888617,2
7,132,arima_012,"(0, 1, 2)","(0, 0, 0, 0)",0.35535796326374386,0.7107159265274877,2
7,132,arima_112,"(1, 1, 2)","(0, 0, 0, 0)",0.3559817136009378,0.7119634272018756,2
7,132,sarima_011_100_5,"(0, 1, 1)","(1, 0, 0, 5)",0.3493899675586827,0.6987799351173654,2
8,132,arima_011,"(0, 1, 1)","(0, 0, 0, 0)",0.3013157212693375,0.602631442538675,2
8,132,arima_111,"(1, 1, 1)","(0, 0, 0, 0)",0.28943159147806785,0.5788631829561357,2
8,132,arima_113,"(1, 1, 3)","(0, 0, 0, 0)",0.28750623799453445,0.5750124759890689,2
8,132,sarima_011_001_5,"(0, 1, 1)","(0, 0, 1, 5)",0.2981026590514647,0.5962053181029294,2
9,132,arima_011,"(0, 1, 1)","(0, 0, 0, 0)",0.3053954832836897,0.6107909665673794,2
9,132,arima_013,"(0, 1, 3)","(0, 0, 0, 0)",0.30672070379594923,0.6134414075918985,2
9,132,arima_211,"(2, 1, 1)","(0, 0, 0, 0)",0.30712192236765734,0.6142438447353147,2
9,132,arima_311,"(3, 1, 1)","(0, 0, 0, 0)",0.30482367405265254,0.6096473481053051,2
10,132,arima_012,"(0, 1, 2)","(0, 0, 0, 0)",0.15690553679437394,0.3138110735887479,2
10,132,sarima_012_002_5,"(0, 1, 2)","(0, 0, 2, 5)",0.15465937853811643,0.30931875707623285,2
11,132,arima_111,"(1, 1, 1)","(0, 0, 0, 0)",0.4613735393207372,0.9227470786414744,2
11,132,sarima_111_001_5,"(1, 1, 1)","(0, 0, 1, 5)",0.4614089353036298,0.9228178706072596,2
11,132,sarima_112_001_5,"(1, 1, 2)","(0, 0, 1, 5)",0.439132974323598,0.878265948647196,2
11,132,sarima_112_100_5,"(1, 1, 2)","(1, 0, 0, 5)",0.4354961615564681,0.8709923231129362,2
12,132,arima_201,"(2, 0, 1)","(0, 0, 0, 0)",1.2352819477916683,2.4705638955833367,2
12,132,arima_400,"(4, 0, 0)","(0, 0, 0, 0)",1.1742887010878014,2.3485774021756027,2
12,132,arima_500,"(5, 0, 0)","(0, 0, 0, 0)",1.2035499975847868,2.4070999951695735,2
13,132,arima_013,"(0, 1, 3)","(0, 0, 0, 0)",1.833252582325805,3.66650516465161,2
13,132,arima_411,"(4, 1, 1)","(0, 0, 0, 0)",1.833658623647533,3.667317247295066,2
13,132,sarima_113_002_5,"(1, 1, 3)","(0, 0, 2, 5)",1.8343843240244135,3.668768648048827,2
13,132,sarima_312_101_5,"(3, 1, 2)","(1, 0, 1, 5)",1.833698787797175,3.66739757559435,2
13,132,sarima_412_101_5,"(4, 1, 2)","(1, 0, 1, 5)",1.83430455145493,3.66860910290986,2
